{
    "properties": {
      "displayName": "AzureB2C_denyHDInsightPolicy",
      "policyType": "Custom",
      "mode": "Indexed",
      "description": "denyHDInsightPolicy",
      "metadata": {
        "category": "AzureB2C",
        "assignedBy": null,
        "createdBy": "",
        "createdOn": "2022-07-12T20:23:04.1049931Z",
        "updatedBy": null,
        "updatedOn": null
      },
      "policyRule": {
        "if": {
          "field": "type",
          "in": [
            "Microsoft.Advisor",
            "Microsoft.AlertsManagement/actionRules",
            "Microsoft.AzureStack/registrations",
            "Microsoft.Blueprint/blueprintAssignments",
            "Microsoft.BotService/botServices",
            "Microsoft.Capacity/reservationorders",
            "Microsoft.Cache/redis",
            "Microsoft.Cdn/profiles",
            "Microsoft.CertificateRegistration/certificateOrders/certificates",
            "Microsoft.ClassicCompute/domainNames",
            "Microsoft.ClassicNetwork/networkSecurityGroups",
            "Microsoft.ClassicNetwork/virtualNetworks",
            "Microsoft.ClassicNetwork/expressroutecrossconnections",
            "Microsoft.ClassicStorage/storageAccounts",
            "Microsoft.CognitiveServices/accounts",
            "Microsoft.Consumption/balances",
            "Microsoft.ContentModerator/applications",
            "Microsoft.CostManagement",
            "Microsoft.CustomerInsights/hubs",
            "Microsoft.DataBox/jobs",
            "Microsoft.Databricks/workspaces",
            "Microsoft.DataBoxEdge/dataBoxEdgeDevices",
            "Microsoft.DataCatalog/catalogs",
            "Microsoft.DataFactory/factories",
            "Microsoft.DataLakeAnalytics/accounts",
            "Microsoft.DataMigration/services",
            "Microsoft.DBforMariaDB/servers",
            "Microsoft.DBforMySQL/servers",
            "Microsoft.DBforPostgreSQL/servers",
            "Microsoft.Devices/ElasticPools",
            "Microsoft.Devices/IotHubs",
            "Microsoft.DevSpaces/controllers",
            "Microsoft.DevTestLab/labs",
            "Microsoft.DynamicsLcs/lcsprojects",
            "Microsoft.EventGrid/topics",
            "Microsoft.EventHub/namespaces",
            "Microsoft.Features",
            "Microsoft.GuestConfiguration/guestConfigurationAssignments",
            "Microsoft.HDInsight/clusters",
            "Microsoft.ImportExport/jobs",
            "Microsoft.Intune/diagnosticsettings",
            "Microsoft.IoTCentral/IoTApps",
            "Microsoft.IoTSpaces/Graph",
            "Microsoft.KeyVault/vaults",
            "Microsoft.Kusto/Clusters",
            "Microsoft.LabServices/accounts",
            "Microsoft.MachineLearning",
            "Microsoft.MachineLearningCompute",
            "Microsoft.MachineLearningModelManagement",
            "Microsoft.MachineLearning/commitmentPlans",
            "Microsoft.MachineLearningServices",
            "Microsoft.ManagedIdentity/userAssignedIdentities",
            "Microsoft.ManagedLab/labAccounts",
            "Microsoft.Migrate/projects",
            "Microsoft.NetApp/netAppAccounts",
            "Microsoft.OffAzure/HyperVSites",
            "Microsoft.OffAzure/VMwareSites",
            "Microsoft.PolicyInsights",
            "Microsoft.Portal/dashboards",
            "Microsoft.Relay/namespaces",
            "Microsoft.RecoveryServices/vaults",
            "Microsoft.Scheduler/jobcollections",
            "Microsoft.SecurityGraph/diagnosticsettings",
            "Microsoft.ServiceBus/namespaces",
            "Microsoft.ServiceFabric/clusters",
            "Microsoft.SignalRService/SignalR",
            "Microsoft.Solutions",
            "microsoft.storagesync/storageSyncServices",
            "Microsoft.StorSimple/managers",
            "Microsoft.StreamAnalytics/streamingjobs",
            "Microsoft.Subscription",
            "Microsoft.TimeSeriesInsights/environments",
            "Microsoft.VisualStudio/Extension",
            "Microsoft.WorkloadMonitor"
          ]
        },
        "then": {
          "effect": "deny"
        }
      }
    },
    "id": "/subscriptions/8C1CF4C4-3F56-4252-A665-C7BB0B2B7CE1/providers/Microsoft.Authorization/policyDefinitions/AzureB2C_denyHDInsightPolicy",
    "type": "Microsoft.Authorization/policyDefinitions",
    "name": "AzureB2C_denyHDInsightPolicy",
    "systemData": {
      "createdBy": "automationUser@appliedi.net",
      "createdByType": "User",
      "createdAt": "2022-07-12T20:23:04.0367363Z",
      "lastModifiedBy": "automationUser@appliedi.net",
      "lastModifiedByType": "User",
      "lastModifiedAt": "2022-07-12T20:23:04.0367363Z"
    }
  }